{
    "loss": 5.687682628631592,
    "accuracy": 0.4313725531101227
}